﻿designator,quantity,value,pack,mpn,mount_type
"C1, C16, C17, C19, C2, C3, C4",7,0.1uF,C_0805_2012Metric,,smt
"C10, C12, C5, C6",4,1uF,C_0805_2012Metric,,smt
C11,1,0.01uF,C_0805_2012Metric,,smt
"C13, C14, C15, C7, C8, C9",6,220uF,C_1206_3216Metric,,smt
C18,1,10uF,C_0805_2012Metric,,smt
"D1, D11, D3, D5, D7, D9",6,BAT54AW,SOT-323_SC-70,,smt
"D10, D12, D2, D4, D6, D8",6,BAT54CW,SOT-323_SC-70,,smt
"H1, H2",2,GND PAD,MountingHole_3.2mm_M3_Pad_Via,,tht
"J1, J2",2,HDR100IMP40F-G-V-TH,PinSocket_1x20_P2.54mm_Vertical,,tht
J3,1,Conn_1x02,PinSocket_1x02_P2.54mm_Vertical,,tht
JP10,1,VMEM,SolderJumper-2_P1.3mm_Bridged_RoundedPad1.0x1.5mm,,tht
JP11,1,GMEM,SolderJumper-2_P1.3mm_Bridged_RoundedPad1.0x1.5mm,,tht
JP14,1,VBUS_5VUSB_TIE,SolderJumper-2_P1.3mm_Bridged_RoundedPad1.0x1.5mm,,tht
JP15,1,SYS_CUR_MON,SolderJumper-2_P1.3mm_Bridged_RoundedPad1.0x1.5mm,,tht
JP16,1,5V0_CUR_MON,SolderJumper-2_P1.3mm_Bridged_RoundedPad1.0x1.5mm,,tht
JP17,1,3V3_CUR_MON,SolderJumper-2_P1.3mm_Bridged_RoundedPad1.0x1.5mm,,tht
JP3,1,CORE_CURR_MON,SolderJumper-2_P1.3mm_Bridged_RoundedPad1.0x1.5mm,,tht
JP8,1,BAT_MON,SolderJumper-2_P1.3mm_Bridged_RoundedPad1.0x1.5mm,,tht
"L1, L2",2,Core_64c_Logo_7mm_tall,Core64c_Logo_7mm,,tht
L3,1,Logo_Open_Hardware_Small,OSHW-Logo2_9.8x8mm_SilkScreen,,tht
"Q1, Q11, Q13, Q15, Q17, Q19, Q3, Q5, Q7, Q9",10,MMBT4403LT1G,SOT-23-3,MMBT4403LT1G,tht
"Q10, Q12, Q14, Q16, Q18, Q2, Q20, Q4, Q6, Q8",10,MMBT4401LT1G,SOT-23-3,MMBT4401LT1G,tht
Q21,1,Q_NMOS_DGS_AO3400A,SOT-23-3,,tht
"Q22, Q23",2,SL3401A,SOT-23-3,,tht
"R1, R10, R11, R12, R13, R14, R15, R16, R17, R18, R19, R2, R20, R28, R3, R4, R46, R5, R6, R7, R8, R9",22,470,R_0805_2012Metric,,smt
"R21, R22, R23, R24, R25, R26",6,8R2-1%,R_0805_2012Metric,,smt
"R27, R29, R34, R35, R36, R37, R38, R44, R45, R54, R55",11,4K7,R_0805_2012Metric,,smt
"R30, R31",2,1K2,R_0805_2012Metric,,smt
"R32, R33",2,68,R_0805_2012Metric,,smt
"R47, R50, R53",3,1K5-1%,R_0805_2012Metric,,smt
"R48, R51",2,1K8-1%,R_0805_2012Metric,,smt
"R49, R52",2,11-1%,R_0805_2012Metric,,smt
SW1,1,SK12D07L4B,SK12D07VG4,,tht
TP20,1,S1 IN,TestPoint_THTPad_D1.5mm_Drill1.0mm,,tht
TP21,1,S2 IN,TestPoint_THTPad_D1.5mm_Drill1.0mm,,tht
TP22,1,S2 OUT,TestPoint_THTPad_D1.5mm_Drill1.0mm,,tht
TP23,1,S1 OUT,TestPoint_THTPad_D1.5mm_Drill1.0mm,,tht
U1,1,SC0915_PICO,Pico_W_SC0915,,tht
U10,1,74HC02,SOIC-14_3.9x8.7mm_P1.27mm,,smt
U2,1,M24C02,SOIC-8_3.9x4.9mm_P1.27mm,,smt
"U3, U4, U5",3,74HC595D,SOIC-16_W3.90mm,SN74HC595DR,tht
U6,1,LP38693MP-5.0,SOT-223-5,LP38693MP-5.0,smt
U7,1,SSP9193-33M5R,SOT-23-5,SGM2007-3.3XN5_TR,smt
U8,1,SN74LV1T125DBVR,SOT-23-5,,smt
U9,1,LM393,SOIC-8_W3.9mm,,tht
X3,1,Conn_01x10_Female,PinSocket_1x10_P2.54mm_Vertical,,tht
X4,1,CA_SR_GPO_EFGH,PinSocket_1x04_P2.54mm_Vertical,,tht
X5,1,Conn_01x11_Female,PinSocket_1x11_P2.54mm_Vertical,,tht
"X71, X72",2,Conn_01x07_Female,PinSocket_1x07_P2.54mm_Vertical,,tht
X9,1,Conn_4_QWIIC,JST_SH_SM04B-SRSS-TB_1x04-1MP_P1.00mm_Horizontal,SM04B-SRSS-TB(LF)(SN),smt
kibuzzard-668B4889,1,G***,kibuzzard-668B4889,,tht
kibuzzard-668B48EA,1,G***,kibuzzard-668B48EA,,tht
kibuzzard-668B48F5,1,G***,kibuzzard-668B48F5,,tht
kibuzzard-668B48FD,1,G***,kibuzzard-668B48FD,,tht
kibuzzard-668B4910,1,G***,kibuzzard-668B4910,,tht
kibuzzard-668B4919,1,G***,kibuzzard-668B4919,,tht
kibuzzard-668B4920,1,G***,kibuzzard-668B4920,,tht
kibuzzard-668B4929,1,G***,kibuzzard-668B4929,,tht
kibuzzard-668B4946,1,G***,kibuzzard-668B4946,,tht
kibuzzard-668B4A9A,1,G***,kibuzzard-668B4A9A,,tht
kibuzzard-668B4AC0,1,G***,kibuzzard-668B4AC0,,tht
