﻿pos_x,pos_y,rotation,side,designator,mpn,pack,value,mount_type,place
87.45,-171.9,180.0,top,C1,,C_0805_2012Metric,0.1uF,smt,True
89.925,-158.105,90.0,top,C10,,C_0805_2012Metric,1uF,smt,True
86.775,-154.755,0.0,top,C11,,C_0805_2012Metric,0.01uF,smt,True
83.825,-154.505,90.0,top,C12,,C_0805_2012Metric,1uF,smt,True
78.925,-161.425,180.0,top,C13,,C_1206_3216Metric,220uF,smt,True
78.925,-158.825,180.0,top,C14,,C_1206_3216Metric,220uF,smt,True
78.925,-156.225,180.0,top,C15,,C_1206_3216Metric,220uF,smt,True
77.2516,-112.8446,0.0,top,C16,,C_0805_2012Metric,0.1uF,smt,True
104.865,-159.112,-90.0,top,C17,,C_0805_2012Metric,0.1uF,smt,True
108.365,-159.112,-90.0,top,C18,,C_0805_2012Metric,10uF,smt,True
121.4,-159.8,180.0,top,C19,,C_0805_2012Metric,0.1uF,smt,True
91.12,-117.2134,180.0,top,C2,,C_0805_2012Metric,0.1uF,smt,True
126.7,-108.175,180.0,top,C3,,C_0805_2012Metric,0.1uF,smt,True
134.05,-108.35,180.0,top,C4,,C_0805_2012Metric,0.1uF,smt,True
81.675,-103.805,-90.0,top,C5,,C_0805_2012Metric,1uF,smt,True
81.65,-100.36,90.0,top,C6,,C_0805_2012Metric,1uF,smt,True
78.925,-149.302,180.0,top,C7,,C_1206_3216Metric,220uF,smt,True
78.925,-146.752,180.0,top,C8,,C_1206_3216Metric,220uF,smt,True
78.925,-144.202,180.0,top,C9,,C_1206_3216Metric,220uF,smt,True
134.45,-137.015,180.0,top,D1,,SOT-323_SC-70,BAT54AW,smt,True
78.05,-125.79,0.0,top,D10,,SOT-323_SC-70,BAT54CW,smt,True
78.05,-128.595,0.0,top,D11,,SOT-323_SC-70,BAT54AW,smt,True
78.05,-131.4,0.0,top,D12,,SOT-323_SC-70,BAT54CW,smt,True
134.45,-139.765,180.0,top,D2,,SOT-323_SC-70,BAT54CW,smt,True
134.45,-142.515,180.0,top,D3,,SOT-323_SC-70,BAT54AW,smt,True
134.45,-145.265,180.0,top,D4,,SOT-323_SC-70,BAT54CW,smt,True
134.45,-148.015,180.0,top,D5,,SOT-323_SC-70,BAT54AW,smt,True
134.45,-150.765,180.0,top,D6,,SOT-323_SC-70,BAT54CW,smt,True
134.45,-153.515,180.0,top,D7,,SOT-323_SC-70,BAT54AW,smt,True
134.45,-156.265,180.0,top,D8,,SOT-323_SC-70,BAT54CW,smt,True
78.05,-122.985,0.0,top,D9,,SOT-323_SC-70,BAT54AW,smt,True
72.4,-173.5,0.0,top,H1,,MountingHole_3.2mm_M3_Pad_Via,GND PAD,tht,True
145.4,-173.5,0.0,top,H2,,MountingHole_3.2mm_M3_Pad_Via,GND PAD,tht,True
73.34,-112.87,0.0,top,J1,,PinSocket_1x20_P2.54mm_Vertical,HDR100IMP40F-G-V-TH,tht,True
144.46,-112.87,0.0,top,J2,,PinSocket_1x20_P2.54mm_Vertical,HDR100IMP40F-G-V-TH,tht,True
139.375,-112.875,0.0,top,J3,,PinSocket_1x02_P2.54mm_Vertical,Conn_1x02,tht,True
83.835,-162.325,0.0,bottom,JP10,,SolderJumper-2_P1.3mm_Bridged_RoundedPad1.0x1.5mm,VMEM,tht,True
112.335,-142.425,180.0,bottom,JP11,,SolderJumper-2_P1.3mm_Bridged_RoundedPad1.0x1.5mm,GMEM,tht,True
120.225,-97.375,0.0,bottom,JP14,,SolderJumper-2_P1.3mm_Bridged_RoundedPad1.0x1.5mm,VBUS_5VUSB_TIE,tht,True
137.375,-106.275,180.0,bottom,JP15,,SolderJumper-2_P1.3mm_Bridged_RoundedPad1.0x1.5mm,SYS_CUR_MON,tht,True
77.575,-104.575,180.0,bottom,JP16,,SolderJumper-2_P1.3mm_Bridged_RoundedPad1.0x1.5mm,5V0_CUR_MON,tht,True
83.275,-157.575,180.0,top,JP17,,SolderJumper-2_P1.3mm_Bridged_RoundedPad1.0x1.5mm,3V3_CUR_MON,tht,True
90.1,-139.475,180.0,bottom,JP3,,SolderJumper-2_P1.3mm_Bridged_RoundedPad1.0x1.5mm,CORE_CURR_MON,tht,True
114.935,-101.125,180.0,bottom,JP8,,SolderJumper-2_P1.3mm_Bridged_RoundedPad1.0x1.5mm,BAT_MON,tht,True
110.1206,-165.0908,0.0,top,L1,,Core64c_Logo_7mm,Core_64c_Logo_7mm_tall,tht,True
125.3,-155.8,180.0,bottom,L2,,Core64c_Logo_7mm,Core_64c_Logo_7mm_tall,tht,True
75.9728,-166.3618,180.0,bottom,L3,,OSHW-Logo2_9.8x8mm_SilkScreen,Logo_Open_Hardware_Small,tht,True
130.775,-142.5,0.0,top,Q1,MMBT4403LT1G,SOT-23-3,MMBT4403LT1G,tht,True
126.725,-126.7,0.0,top,Q10,MMBT4401LT1G,SOT-23-3,MMBT4401LT1G,tht,True
130.775,-122.775,0.0,top,Q11,MMBT4403LT1G,SOT-23-3,MMBT4403LT1G,tht,True
126.725,-122.75,0.0,top,Q12,MMBT4401LT1G,SOT-23-3,MMBT4401LT1G,tht,True
81.8,-123.325,180.0,top,Q13,MMBT4403LT1G,SOT-23-3,MMBT4403LT1G,tht,True
87.0,-123.325,180.0,top,Q14,MMBT4401LT1G,SOT-23-3,MMBT4401LT1G,tht,True
81.8,-127.3,180.0,top,Q15,MMBT4403LT1G,SOT-23-3,MMBT4403LT1G,tht,True
87.0,-127.3,180.0,top,Q16,MMBT4401LT1G,SOT-23-3,MMBT4401LT1G,tht,True
81.8,-131.275,180.0,top,Q17,MMBT4403LT1G,SOT-23-3,MMBT4403LT1G,tht,True
87.0,-131.275,180.0,top,Q18,MMBT4401LT1G,SOT-23-3,MMBT4401LT1G,tht,True
81.8,-135.25,180.0,top,Q19,MMBT4403LT1G,SOT-23-3,MMBT4403LT1G,tht,True
126.725,-142.5,0.0,top,Q2,MMBT4401LT1G,SOT-23-3,MMBT4401LT1G,tht,True
87.0,-135.25,180.0,top,Q20,MMBT4401LT1G,SOT-23-3,MMBT4401LT1G,tht,True
89.65,-141.1,90.0,top,Q21,,SOT-23-3,Q_NMOS_DGS_AO3400A,tht,True
133.3,-105.25,0.0,top,Q22,,SOT-23-3,SL3401A,tht,True
122.9,-101.0,-90.0,top,Q23,,SOT-23-3,SL3401A,tht,True
130.775,-138.575,0.0,top,Q3,MMBT4403LT1G,SOT-23-3,MMBT4403LT1G,tht,True
126.725,-138.55,0.0,top,Q4,MMBT4401LT1G,SOT-23-3,MMBT4401LT1G,tht,True
130.775,-134.625,0.0,top,Q5,MMBT4403LT1G,SOT-23-3,MMBT4403LT1G,tht,True
126.725,-134.6,0.0,top,Q6,MMBT4401LT1G,SOT-23-3,MMBT4401LT1G,tht,True
130.775,-130.675,0.0,top,Q7,MMBT4403LT1G,SOT-23-3,MMBT4403LT1G,tht,True
126.725,-130.65,0.0,top,Q8,MMBT4401LT1G,SOT-23-3,MMBT4401LT1G,tht,True
130.775,-126.725,0.0,top,Q9,MMBT4403LT1G,SOT-23-3,MMBT4403LT1G,tht,True
122.975,-141.5,180.0,top,R1,,R_0805_2012Metric,470,smt,True
122.95,-127.65,180.0,top,R10,,R_0805_2012Metric,470,smt,True
122.95,-121.9,180.0,top,R11,,R_0805_2012Metric,470,smt,True
122.95,-123.8,180.0,top,R12,,R_0805_2012Metric,470,smt,True
92.0,-122.535,0.0,top,R13,,R_0805_2012Metric,470,smt,True
92.0,-124.458571,0.0,top,R14,,R_0805_2012Metric,470,smt,True
92.0,-126.382142,0.0,top,R15,,R_0805_2012Metric,470,smt,True
92.0,-128.305713,0.0,top,R16,,R_0805_2012Metric,470,smt,True
92.0,-130.229284,0.0,top,R17,,R_0805_2012Metric,470,smt,True
92.0,-132.152855,0.0,top,R18,,R_0805_2012Metric,470,smt,True
92.0,-134.076426,0.0,top,R19,,R_0805_2012Metric,470,smt,True
122.95,-143.5,180.0,top,R2,,R_0805_2012Metric,470,smt,True
92.0,-135.999997,0.0,top,R20,,R_0805_2012Metric,470,smt,True
134.45,-134.625,0.0,top,R21,,R_0805_2012Metric,8R2-1%,smt,True
134.45,-130.65,180.0,top,R22,,R_0805_2012Metric,8R2-1%,smt,True
134.45,-126.725,180.0,top,R23,,R_0805_2012Metric,8R2-1%,smt,True
134.45,-122.75,180.0,top,R24,,R_0805_2012Metric,8R2-1%,smt,True
78.0,-133.9,0.0,top,R25,,R_0805_2012Metric,8R2-1%,smt,True
78.0,-135.9,0.0,top,R26,,R_0805_2012Metric,8R2-1%,smt,True
89.65,-144.5,180.0,top,R27,,R_0805_2012Metric,4K7,smt,True
92.85,-144.8,90.0,top,R28,,R_0805_2012Metric,470,smt,True
139.604,-168.414,180.0,top,R29,,R_0805_2012Metric,4K7,smt,True
122.975,-137.475,180.0,top,R3,,R_0805_2012Metric,470,smt,True
78.355,-172.775,90.0,top,R30,,R_0805_2012Metric,1K2,smt,True
80.355,-172.775,90.0,top,R31,,R_0805_2012Metric,1K2,smt,True
93.995,-138.575,180.0,top,R32,,R_0805_2012Metric,68,smt,True
82.595,-138.29,0.0,top,R33,,R_0805_2012Metric,68,smt,True
130.255,-171.605,180.0,top,R34,,R_0805_2012Metric,4K7,smt,True
126.375,-171.625,180.0,top,R35,,R_0805_2012Metric,4K7,smt,True
124.125,-105.205,-90.0,top,R36,,R_0805_2012Metric,4K7,smt,True
122.175,-105.195,90.0,top,R37,,R_0805_2012Metric,4K7,smt,True
126.05,-105.2,90.0,top,R38,,R_0805_2012Metric,4K7,smt,True
122.975,-139.475,180.0,top,R4,,R_0805_2012Metric,470,smt,True
129.1,-105.2,90.0,top,R44,,R_0805_2012Metric,4K7,smt,True
93.805,-100.585,-90.0,top,R45,,R_0805_2012Metric,4K7,smt,True
77.277,-115.4354,-90.0,top,R46,,R_0805_2012Metric,470,smt,True
94.615,-155.0375,90.0,top,R47,,R_0805_2012Metric,1K5-1%,smt,True
98.115,-151.1,-90.0,top,R48,,R_0805_2012Metric,1K8-1%,smt,True
98.115,-155.0375,-90.0,top,R49,,R_0805_2012Metric,11-1%,smt,True
122.95,-133.515,180.0,top,R5,,R_0805_2012Metric,470,smt,True
98.115,-159.1,-90.0,top,R50,,R_0805_2012Metric,1K5-1%,smt,True
101.615,-151.1,-90.0,top,R51,,R_0805_2012Metric,1K8-1%,smt,True
101.615,-155.1,90.0,top,R52,,R_0805_2012Metric,11-1%,smt,True
101.615,-159.1,-90.0,top,R53,,R_0805_2012Metric,1K5-1%,smt,True
113.1,-151.4,-90.0,top,R54,,R_0805_2012Metric,4K7,smt,True
113.115,-157.55,-90.0,top,R55,,R_0805_2012Metric,4K7,smt,True
122.95,-135.515,180.0,top,R6,,R_0805_2012Metric,470,smt,True
122.95,-129.55,180.0,top,R7,,R_0805_2012Metric,470,smt,True
122.95,-131.5,180.0,top,R8,,R_0805_2012Metric,470,smt,True
122.95,-125.715,180.0,top,R9,,R_0805_2012Metric,470,smt,True
131.5,-100.6535,180.0,top,SW1,,SK12D07VG4,SK12D07L4B,tht,True
89.470952,-150.890614,0.0,top,TP20,,TestPoint_THTPad_D1.5mm_Drill1.0mm,S1 IN,tht,True
91.65,-150.89,0.0,top,TP21,,TestPoint_THTPad_D1.5mm_Drill1.0mm,S2 IN,tht,True
116.51,-151.51,0.0,top,TP22,,TestPoint_THTPad_D1.5mm_Drill1.0mm,S2 OUT,tht,True
118.31,-159.9,0.0,top,TP23,,TestPoint_THTPad_D1.5mm_Drill1.0mm,S1 OUT,tht,True
108.9,-121.5,0.0,top,U1,,Pico_W_SC0915,SC0915_PICO,tht,True
121.365,-154.0,0.0,top,U10,,SOIC-14_3.9x8.7mm_P1.27mm,74HC02,smt,True
87.275,-168.205,0.0,top,U2,,SOIC-8_3.9x4.9mm_P1.27mm,M24C02,smt,True
124.5,-114.515,-90.0,top,U3,SN74HC595DR,SOIC-16_W3.90mm,74HC595D,tht,True
132.275,-114.5,-90.0,top,U4,SN74HC595DR,SOIC-16_W3.90mm,74HC595D,tht,True
91.125,-110.975,-90.0,top,U5,SN74HC595DR,SOIC-16_W3.90mm,74HC595D,tht,True
87.3354,-100.5764,0.0,top,U6,LP38693MP-5.0,SOT-223-5,LP38693MP-5.0,smt,True
86.9036,-158.082,180.0,top,U7,SGM2007-3.3XN5_TR,SOT-23-5,SSP9193-33M5R,smt,True
80.5125,-115.3125,-90.0,top,U8,,SOT-23-5,SN74LV1T125DBVR,smt,True
108.05,-152.4,-90.0,top,U9,,SOIC-8_W3.9mm,LM393,tht,True
96.25,-170.333,90.0,top,X3,,PinSocket_1x10_P2.54mm_Vertical,Conn_01x10_Female,tht,True
84.475,-107.8,0.0,top,X4,,PinSocket_1x04_P2.54mm_Vertical,CA_SR_GPO_EFGH,tht,True
96.25,-175.46,90.0,top,X5,,PinSocket_1x11_P2.54mm_Vertical,Conn_01x11_Female,tht,True
124.14,-178.0,90.0,top,X71,,PinSocket_1x07_P2.54mm_Vertical,Conn_01x07_Female,tht,True
78.42,-178.0,90.0,top,X72,,PinSocket_1x07_P2.54mm_Vertical,Conn_01x07_Female,tht,True
78.45,-167.025,-90.0,top,X9,SM04B-SRSS-TB(LF)(SN),JST_SH_SM04B-SRSS-TB_1x04-1MP_P1.00mm_Horizontal,Conn_4_QWIIC,smt,True
78.973,-108.634,0.0,top,kibuzzard-668B4889,,kibuzzard-668B4889,G***,tht,False
72.16016,-166.944325,0.0,top,kibuzzard-668B48EA,,kibuzzard-668B48EA,G***,tht,False
88.625,-164.387,0.0,top,kibuzzard-668B48F5,,kibuzzard-668B48F5,G***,tht,False
87.529,-174.194,0.0,top,kibuzzard-668B48FD,,kibuzzard-668B48FD,G***,tht,False
133.456,-174.039,0.0,top,kibuzzard-668B4910,,kibuzzard-668B4910,G***,tht,False
122.026,-172.896,0.0,top,kibuzzard-668B4919,,kibuzzard-668B4919,G***,tht,False
124.947,-169.34,0.0,top,kibuzzard-668B4920,,kibuzzard-668B4920,G***,tht,False
134.853,-159.942,0.0,top,kibuzzard-668B4929,,kibuzzard-668B4929,G***,tht,False
107.574983,-156.15543,0.0,top,kibuzzard-668B4946,,kibuzzard-668B4946,G***,tht,False
93.385,-141.979064,0.0,top,kibuzzard-668B4A9A,,kibuzzard-668B4A9A,G***,tht,False
83.926,-141.146,0.0,top,kibuzzard-668B4AC0,,kibuzzard-668B4AC0,G***,tht,False
